id,firstname,lastname,email
100,Charlena,Heisel,Charlena.Heisel@yopmail.com
101,Mady,Arley,Mady.Arley@yopmail.com
102,Corina,Dudley,Corina.Dudley@yopmail.com
103,Fanchon,My,Fanchon.My@yopmail.com
104,Rosanne,Hertzfeld,Rosanne.Hertzfeld@yopmail.com
105,Eolanda,Obed,Eolanda.Obed@yopmail.com
106,Adore,Calhoun,Adore.Calhoun@yopmail.com
107,Belva,Johanna,Belva.Johanna@yopmail.com
108,Cassondra,Leonard,Cassondra.Leonard@yopmail.com
109,Natka,Delila,Natka.Delila@yopmail.com
110,Cassandra,My,Cassandra.My@yopmail.com
111,Cyb,Sawtelle,Cyb.Sawtelle@yopmail.com
112,Janeczka,Fosque,Janeczka.Fosque@yopmail.com
113,Annecorinne,Dulciana,Annecorinne.Dulciana@yopmail.com
114,Lynde,Lynn,Lynde.Lynn@yopmail.com
115,Kate,Hermes,Kate.Hermes@yopmail.com
116,Adelle,Alfons,Adelle.Alfons@yopmail.com
117,Aaren,Simmonds,Aaren.Simmonds@yopmail.com
118,Lulita,Pyle,Lulita.Pyle@yopmail.com
119,Brana,Agle,Brana.Agle@yopmail.com
120,Alleen,Darrell,Alleen.Darrell@yopmail.com
121,Addia,Martsen,Addia.Martsen@yopmail.com
122,Sadie,Sekofski,Sadie.Sekofski@yopmail.com
123,Madeleine,Leopold,Madeleine.Leopold@yopmail.com
124,Latisha,Sigfrid,Latisha.Sigfrid@yopmail.com
125,Dorthy,Merna,Dorthy.Merna@yopmail.com
126,Donetta,Mullane,Donetta.Mullane@yopmail.com
127,Gabi,Lubin,Gabi.Lubin@yopmail.com
128,Emilia,Melony,Emilia.Melony@yopmail.com
129,Consuela,Hurley,Consuela.Hurley@yopmail.com
130,Babita,Hailee,Babita.Hailee@yopmail.com
131,Merry,Bakerman,Merry.Bakerman@yopmail.com
132,Alyssa,Ortrude,Alyssa.Ortrude@yopmail.com
133,Joleen,Tristram,Joleen.Tristram@yopmail.com
134,Aili,Sherrie,Aili.Sherrie@yopmail.com
135,Corene,Berard,Corene.Berard@yopmail.com
136,Tressa,Eckblad,Tressa.Eckblad@yopmail.com
137,Eadie,Ellerey,Eadie.Ellerey@yopmail.com
138,Audrie,Yerkovich,Audrie.Yerkovich@yopmail.com
139,Merle,Adore,Merle.Adore@yopmail.com
140,Nessie,Vittoria,Nessie.Vittoria@yopmail.com
141,Wileen,Tarrant,Wileen.Tarrant@yopmail.com
142,Linet,Herrera,Linet.Herrera@yopmail.com
143,Charlena,Faria,Charlena.Faria@yopmail.com
144,Regina,Vilma,Regina.Vilma@yopmail.com
145,Gwenneth,Burkle,Gwenneth.Burkle@yopmail.com
146,Raf,Raseda,Raf.Raseda@yopmail.com
147,Romona,Niccolo,Romona.Niccolo@yopmail.com
148,Agathe,Leonard,Agathe.Leonard@yopmail.com
149,Susan,Rugen,Susan.Rugen@yopmail.com
150,Bobbi,Moseley,Bobbi.Moseley@yopmail.com
151,Bobbi,Toffic,Bobbi.Toffic@yopmail.com
152,Beth,Thar,Beth.Thar@yopmail.com
153,Hyacinthe,Voletta,Hyacinthe.Voletta@yopmail.com
154,Queenie,Bach,Queenie.Bach@yopmail.com
155,Tami,Screens,Tami.Screens@yopmail.com
156,Kathy,Goode,Kathy.Goode@yopmail.com
157,Lanna,Robertson,Lanna.Robertson@yopmail.com
158,Keelia,Carolin,Keelia.Carolin@yopmail.com
159,Isa,Gower,Isa.Gower@yopmail.com
160,Misha,Ambrosia,Misha.Ambrosia@yopmail.com
161,Sindee,Swanhildas,Sindee.Swanhildas@yopmail.com
162,Amara,Christal,Amara.Christal@yopmail.com
163,Maye,Nunci,Maye.Nunci@yopmail.com
164,Aeriela,Shelba,Aeriela.Shelba@yopmail.com
165,Jorry,Jacinda,Jorry.Jacinda@yopmail.com
166,Lolita,Randene,Lolita.Randene@yopmail.com
167,Maisey,Natica,Maisey.Natica@yopmail.com
168,Almeta,Vorster,Almeta.Vorster@yopmail.com
169,Larine,Donoghue,Larine.Donoghue@yopmail.com
170,Basia,Genna,Basia.Genna@yopmail.com
171,Brietta,Wesle,Brietta.Wesle@yopmail.com
172,Maisey,Tryck,Maisey.Tryck@yopmail.com
173,Minne,Brittani,Minne.Brittani@yopmail.com
174,Christian,Lutero,Christian.Lutero@yopmail.com
175,Margalo,Oneida,Margalo.Oneida@yopmail.com
176,Averyl,Azeria,Averyl.Azeria@yopmail.com
177,Fanny,Sisile,Fanny.Sisile@yopmail.com
178,Elka,Kravits,Elka.Kravits@yopmail.com
179,Livvyy,Braun,Livvyy.Braun@yopmail.com
180,Tierney,Emmaline,Tierney.Emmaline@yopmail.com
181,Magdalena,Kendrick,Magdalena.Kendrick@yopmail.com
182,Bee,Kravits,Bee.Kravits@yopmail.com
183,Cathie,Goode,Cathie.Goode@yopmail.com
184,Georgetta,Willie,Georgetta.Willie@yopmail.com
185,Cassandra,Lareena,Cassandra.Lareena@yopmail.com
186,Mary,Bigner,Mary.Bigner@yopmail.com
187,Joelly,Randene,Joelly.Randene@yopmail.com
188,Modestia,Obed,Modestia.Obed@yopmail.com
189,Hayley,Afton,Hayley.Afton@yopmail.com
190,Ardys,Dulciana,Ardys.Dulciana@yopmail.com
191,Theodora,Dreda,Theodora.Dreda@yopmail.com
192,Dianemarie,Barrus,Dianemarie.Barrus@yopmail.com
193,Jere,Sophronia,Jere.Sophronia@yopmail.com
194,Andeee,Bronk,Andeee.Bronk@yopmail.com
195,Letizia,Bendick,Letizia.Bendick@yopmail.com
196,Alejandra,Bergman,Alejandra.Bergman@yopmail.com
197,Flo,Presber,Flo.Presber@yopmail.com
198,Lisette,Stanwood,Lisette.Stanwood@yopmail.com
199,Belva,Jehu,Belva.Jehu@yopmail.com
200,Sabina,Lorain,Sabina.Lorain@yopmail.com
201,Magdalena,Atcliffe,Magdalena.Atcliffe@yopmail.com
202,Shaylyn,Allare,Shaylyn.Allare@yopmail.com
203,Jolyn,Ortrude,Jolyn.Ortrude@yopmail.com
204,Kerrin,An,Kerrin.An@yopmail.com
205,Misha,Ehrman,Misha.Ehrman@yopmail.com
206,Rubie,Waldron,Rubie.Waldron@yopmail.com
207,Pearline,Lunsford,Pearline.Lunsford@yopmail.com
208,Cathyleen,Vanni,Cathyleen.Vanni@yopmail.com
209,Kamilah,Pettiford,Kamilah.Pettiford@yopmail.com
210,Fanchon,Anselmi,Fanchon.Anselmi@yopmail.com
211,Kylynn,Raseda,Kylynn.Raseda@yopmail.com
212,Roxane,Othilia,Roxane.Othilia@yopmail.com
213,Vonny,August,Vonny.August@yopmail.com
214,Rhea,Kalinda,Rhea.Kalinda@yopmail.com
215,Fina,Gale,Fina.Gale@yopmail.com
216,Annecorinne,Gusella,Annecorinne.Gusella@yopmail.com
217,Ulrike,Deny,Ulrike.Deny@yopmail.com
218,Susan,Devlen,Susan.Devlen@yopmail.com
219,Angelique,Redmond,Angelique.Redmond@yopmail.com
220,Jere,Adlare,Jere.Adlare@yopmail.com
221,Maryellen,Raffo,Maryellen.Raffo@yopmail.com
222,Linzy,Flita,Linzy.Flita@yopmail.com
223,Zaria,Schroth,Zaria.Schroth@yopmail.com
224,Rozele,Sherfield,Rozele.Sherfield@yopmail.com
225,Brana,Robertson,Brana.Robertson@yopmail.com
226,Barbara,Deegan,Barbara.Deegan@yopmail.com
227,Marcelline,Bobbee,Marcelline.Bobbee@yopmail.com
228,Hannis,Pip,Hannis.Pip@yopmail.com
229,Imojean,Posner,Imojean.Posner@yopmail.com
230,Tersina,Stav,Tersina.Stav@yopmail.com
231,Annice,Nahum,Annice.Nahum@yopmail.com
232,Barbara,Juan,Barbara.Juan@yopmail.com
233,Kary,Stanwood,Kary.Stanwood@yopmail.com
234,Tatiania,Woodberry,Tatiania.Woodberry@yopmail.com
235,Selia,Zetta,Selia.Zetta@yopmail.com
236,Paola,Fadiman,Paola.Fadiman@yopmail.com
237,Evita,Japeth,Evita.Japeth@yopmail.com
238,Karena,LaRue,Karena.LaRue@yopmail.com
239,Mignon,Egbert,Mignon.Egbert@yopmail.com
240,Tamqrah,Cath,Tamqrah.Cath@yopmail.com
241,Nananne,Maribeth,Nananne.Maribeth@yopmail.com
242,Jolyn,Land,Jolyn.Land@yopmail.com
243,Joleen,Dalli,Joleen.Dalli@yopmail.com
244,Kylynn,Adrienne,Kylynn.Adrienne@yopmail.com
245,Angelique,Presber,Angelique.Presber@yopmail.com
246,Melodie,Goode,Melodie.Goode@yopmail.com
247,Myrtice,Doig,Myrtice.Doig@yopmail.com
248,Corina,Audly,Corina.Audly@yopmail.com
249,Flory,Stelle,Flory.Stelle@yopmail.com
250,Daphne,Kevon,Daphne.Kevon@yopmail.com
251,Margette,Ashok,Margette.Ashok@yopmail.com
252,Basia,Susannah,Basia.Susannah@yopmail.com
253,Vita,Sheng,Vita.Sheng@yopmail.com
254,Verla,Bury,Verla.Bury@yopmail.com
255,Sean,Dosia,Sean.Dosia@yopmail.com
256,Claudina,Ezar,Claudina.Ezar@yopmail.com
257,Tracey,Monk,Tracey.Monk@yopmail.com
258,Siana,Sancho,Siana.Sancho@yopmail.com
259,Henriette,Bronk,Henriette.Bronk@yopmail.com
260,Harrietta,Pillsbury,Harrietta.Pillsbury@yopmail.com
261,Keelia,Carbo,Keelia.Carbo@yopmail.com
262,Corry,Mayeda,Corry.Mayeda@yopmail.com
263,Therine,Payson,Therine.Payson@yopmail.com
264,Dacia,Ilka,Dacia.Ilka@yopmail.com
265,Charissa,Maisey,Charissa.Maisey@yopmail.com
266,Barbara,Ciro,Barbara.Ciro@yopmail.com
267,Maridel,Dowski,Maridel.Dowski@yopmail.com
268,Aimil,Anestassia,Aimil.Anestassia@yopmail.com
269,Aubrie,Hollingsworth,Aubrie.Hollingsworth@yopmail.com
270,Tierney,Wilona,Tierney.Wilona@yopmail.com
271,Alameda,Muriel,Alameda.Muriel@yopmail.com
272,Joane,Rustice,Joane.Rustice@yopmail.com
273,Kate,Martsen,Kate.Martsen@yopmail.com
274,Siana,Billye,Siana.Billye@yopmail.com
275,Jackie,Merriott,Jackie.Merriott@yopmail.com
276,Sindee,Behre,Sindee.Behre@yopmail.com
277,Cathie,Monk,Cathie.Monk@yopmail.com
278,Sandie,Radu,Sandie.Radu@yopmail.com
279,Kimberley,Daveta,Kimberley.Daveta@yopmail.com
280,Zondra,Faro,Zondra.Faro@yopmail.com
281,Nataline,Ellerey,Nataline.Ellerey@yopmail.com
282,Carolina,Linskey,Carolina.Linskey@yopmail.com
283,Aeriela,Schwejda,Aeriela.Schwejda@yopmail.com
284,Miquela,Mata,Miquela.Mata@yopmail.com
285,Iseabal,Joeann,Iseabal.Joeann@yopmail.com
286,Allis,Amethist,Allis.Amethist@yopmail.com
287,Britni,Colp,Britni.Colp@yopmail.com
288,Emmey,Hedve,Emmey.Hedve@yopmail.com
289,Ardeen,Gombach,Ardeen.Gombach@yopmail.com
290,Bernie,Phaidra,Bernie.Phaidra@yopmail.com
291,Kittie,Marsden,Kittie.Marsden@yopmail.com
292,Gerrie,Regan,Gerrie.Regan@yopmail.com
293,Hollie,Riordan,Hollie.Riordan@yopmail.com
294,Mariele,Kermit,Mariele.Kermit@yopmail.com
295,Nannie,Byrne,Nannie.Byrne@yopmail.com
296,Aili,Tryck,Aili.Tryck@yopmail.com
297,Andeee,Kronfeld,Andeee.Kronfeld@yopmail.com
298,Kerrin,Wyn,Kerrin.Wyn@yopmail.com
299,Giustina,Heidt,Giustina.Heidt@yopmail.com
300,Wilma,Larochelle,Wilma.Larochelle@yopmail.com
301,Desirae,Terencio,Desirae.Terencio@yopmail.com
302,Tani,Serilda,Tani.Serilda@yopmail.com
303,Therine,Bearnard,Therine.Bearnard@yopmail.com
304,Rayna,Eben,Rayna.Eben@yopmail.com
305,Berta,Thema,Berta.Thema@yopmail.com
306,Cacilie,Hanleigh,Cacilie.Hanleigh@yopmail.com
307,Merle,Wolfgram,Merle.Wolfgram@yopmail.com
308,Delilah,Nunci,Delilah.Nunci@yopmail.com
309,Jaclyn,Odell,Jaclyn.Odell@yopmail.com
310,Mireielle,Lasley,Mireielle.Lasley@yopmail.com
311,Bill,Cookie,Bill.Cookie@yopmail.com
312,Madalyn,Kalinda,Madalyn.Kalinda@yopmail.com
313,Cacilie,Verger,Cacilie.Verger@yopmail.com
314,Dede,Trace,Dede.Trace@yopmail.com
315,Stacey,Mehalek,Stacey.Mehalek@yopmail.com
316,Vevay,Wenda,Vevay.Wenda@yopmail.com
317,Emma,Rooney,Emma.Rooney@yopmail.com
318,Roberta,Rona,Roberta.Rona@yopmail.com
319,Zsa Zsa,Sisile,Zsa Zsa.Sisile@yopmail.com
320,Fred,Elvyn,Fred.Elvyn@yopmail.com
321,Paule,Larochelle,Paule.Larochelle@yopmail.com
322,Elora,Serilda,Elora.Serilda@yopmail.com
323,Aurore,Kevon,Aurore.Kevon@yopmail.com
324,Monika,Bebe,Monika.Bebe@yopmail.com
325,Talya,Thunell,Talya.Thunell@yopmail.com
326,Rebeca,Nea,Rebeca.Nea@yopmail.com
327,Alisha,Garek,Alisha.Garek@yopmail.com
328,Brandise,Lumbard,Brandise.Lumbard@yopmail.com
329,Ebonee,Wallis,Ebonee.Wallis@yopmail.com
330,Paule,Adalbert,Paule.Adalbert@yopmail.com
331,Netty,Israeli,Netty.Israeli@yopmail.com
332,Starla,Hamil,Starla.Hamil@yopmail.com
333,Roz,Deny,Roz.Deny@yopmail.com
334,Allis,Mitzi,Allis.Mitzi@yopmail.com
335,Aigneis,Cloris,Aigneis.Cloris@yopmail.com
336,Sophia,Cookie,Sophia.Cookie@yopmail.com
337,Benita,Olympium,Benita.Olympium@yopmail.com
338,Quintina,Sinegold,Quintina.Sinegold@yopmail.com
339,Fredericka,Sandye,Fredericka.Sandye@yopmail.com
340,Debee,Toor,Debee.Toor@yopmail.com
341,Gratia,Muriel,Gratia.Muriel@yopmail.com
342,Ninnetta,Riordan,Ninnetta.Riordan@yopmail.com
343,Correy,Wesle,Correy.Wesle@yopmail.com
344,Fawne,Susannah,Fawne.Susannah@yopmail.com
345,Sidoney,Charmine,Sidoney.Charmine@yopmail.com
346,Olivette,Vastah,Olivette.Vastah@yopmail.com
347,Catrina,Seumas,Catrina.Seumas@yopmail.com
348,Amara,Bord,Amara.Bord@yopmail.com
349,Madalyn,Lubin,Madalyn.Lubin@yopmail.com
350,Vonny,Mendez,Vonny.Mendez@yopmail.com
351,Sarette,Hunfredo,Sarette.Hunfredo@yopmail.com
352,Rebeca,Hollingsworth,Rebeca.Hollingsworth@yopmail.com
353,Joane,Korey,Joane.Korey@yopmail.com
354,Estell,Rona,Estell.Rona@yopmail.com
355,Kimmy,Rossner,Kimmy.Rossner@yopmail.com
356,Julieta,Lilybelle,Julieta.Lilybelle@yopmail.com
357,Fidelia,Radu,Fidelia.Radu@yopmail.com
358,Nickie,Maples,Nickie.Maples@yopmail.com
359,Cordi,Fiester,Cordi.Fiester@yopmail.com
360,Shaylyn,Konyn,Shaylyn.Konyn@yopmail.com
361,Bertine,Morgun,Bertine.Morgun@yopmail.com
362,Desirae,Ehrman,Desirae.Ehrman@yopmail.com
363,Maryellen,Mitzi,Maryellen.Mitzi@yopmail.com
364,Veda,Dowski,Veda.Dowski@yopmail.com
365,Jere,Latini,Jere.Latini@yopmail.com
366,Kassey,Noelyn,Kassey.Noelyn@yopmail.com
367,Clary,Aprile,Clary.Aprile@yopmail.com
368,Jobi,Killigrew,Jobi.Killigrew@yopmail.com
369,Jolyn,Dunkin,Jolyn.Dunkin@yopmail.com
370,Augustine,Redmond,Augustine.Redmond@yopmail.com
371,Daryl,Claudine,Daryl.Claudine@yopmail.com
372,Gavrielle,Amand,Gavrielle.Amand@yopmail.com
373,Audrie,Fry,Audrie.Fry@yopmail.com
374,Lolita,Margarete,Lolita.Margarete@yopmail.com
375,Nelle,Kat,Nelle.Kat@yopmail.com
376,Clary,Pelagias,Clary.Pelagias@yopmail.com
377,Phedra,Anis,Phedra.Anis@yopmail.com
378,Pierette,Othilia,Pierette.Othilia@yopmail.com
379,Mallory,Sigfrid,Mallory.Sigfrid@yopmail.com
380,Darci,Delp,Darci.Delp@yopmail.com
381,Patricia,Ruvolo,Patricia.Ruvolo@yopmail.com
382,Genovera,Hewitt,Genovera.Hewitt@yopmail.com
383,Cyb,Marcellus,Cyb.Marcellus@yopmail.com
384,Elie,Bergman,Elie.Bergman@yopmail.com
385,Helena,Newell,Helena.Newell@yopmail.com
386,June,Pip,June.Pip@yopmail.com
387,Sarette,Dyche,Sarette.Dyche@yopmail.com
388,Rosabelle,Pandolfi,Rosabelle.Pandolfi@yopmail.com
389,Patricia,Clarissa,Patricia.Clarissa@yopmail.com
390,Cristabel,Christal,Cristabel.Christal@yopmail.com
391,Dione,Daegal,Dione.Daegal@yopmail.com
392,Rosene,Madox,Rosene.Madox@yopmail.com
393,Bernardine,Auberbach,Bernardine.Auberbach@yopmail.com
394,Shel,Boycey,Shel.Boycey@yopmail.com
395,Jolyn,Girardo,Jolyn.Girardo@yopmail.com
396,Valera,Kellby,Valera.Kellby@yopmail.com
397,Bibby,Oscar,Bibby.Oscar@yopmail.com
398,Orsola,Durante,Orsola.Durante@yopmail.com
399,Concettina,Pattin,Concettina.Pattin@yopmail.com
400,Renae,Demitria,Renae.Demitria@yopmail.com
401,Adelle,Infield,Adelle.Infield@yopmail.com
402,Beatriz,Malina,Beatriz.Malina@yopmail.com
403,Dorene,Taima,Dorene.Taima@yopmail.com
404,Theodora,Thilda,Theodora.Thilda@yopmail.com
405,Emelina,Sprage,Emelina.Sprage@yopmail.com
406,Dolli,Cavan,Dolli.Cavan@yopmail.com
407,Ann-Marie,Pettiford,Ann-Marie.Pettiford@yopmail.com
408,Fina,Hunfredo,Fina.Hunfredo@yopmail.com
409,Magdalena,Curren,Magdalena.Curren@yopmail.com
410,Selia,Wiener,Selia.Wiener@yopmail.com
411,Damaris,Brunell,Damaris.Brunell@yopmail.com
412,Merci,Thema,Merci.Thema@yopmail.com
413,Florie,Alcott,Florie.Alcott@yopmail.com
414,Aryn,Ardeha,Aryn.Ardeha@yopmail.com
415,Albertina,Johnsson,Albertina.Johnsson@yopmail.com
416,Tersina,Rugen,Tersina.Rugen@yopmail.com
417,Tina,Fink,Tina.Fink@yopmail.com
418,Devina,Sammons,Devina.Sammons@yopmail.com
419,Georgina,Thomasina,Georgina.Thomasina@yopmail.com
420,Elfreda,Mintz,Elfreda.Mintz@yopmail.com
421,Anica,Arvo,Anica.Arvo@yopmail.com
422,Gaylene,Charmine,Gaylene.Charmine@yopmail.com
423,Paola,Dex,Paola.Dex@yopmail.com
424,Chere,Merriott,Chere.Merriott@yopmail.com
425,Millie,Emerson,Millie.Emerson@yopmail.com
426,Allyce,Ludewig,Allyce.Ludewig@yopmail.com
427,Inga,Evangelia,Inga.Evangelia@yopmail.com
428,Ann-Marie,Orlene,Ann-Marie.Orlene@yopmail.com
429,Sean,Romelda,Sean.Romelda@yopmail.com
430,Jacenta,Old,Jacenta.Old@yopmail.com
431,Goldie,Vorster,Goldie.Vorster@yopmail.com
432,Myrtice,Skell,Myrtice.Skell@yopmail.com
433,Shaylyn,Prouty,Shaylyn.Prouty@yopmail.com
434,Lesly,Junie,Lesly.Junie@yopmail.com
435,Chrystel,Malina,Chrystel.Malina@yopmail.com
436,Meriel,Kirstin,Meriel.Kirstin@yopmail.com
437,Millie,Schenck,Millie.Schenck@yopmail.com
438,Gusella,Norrie,Gusella.Norrie@yopmail.com
439,Anica,Poppy,Anica.Poppy@yopmail.com
440,Peri,Hashim,Peri.Hashim@yopmail.com
441,Ariela,Goth,Ariela.Goth@yopmail.com
442,Dorene,Garek,Dorene.Garek@yopmail.com
443,Belinda,Land,Belinda.Land@yopmail.com
444,Aryn,McAdams,Aryn.McAdams@yopmail.com
445,Willetta,Phaidra,Willetta.Phaidra@yopmail.com
446,Bobinette,Cornelia,Bobinette.Cornelia@yopmail.com
447,Molli,Vharat,Molli.Vharat@yopmail.com
448,Beatriz,Oster,Beatriz.Oster@yopmail.com
449,Rosabelle,Abernon,Rosabelle.Abernon@yopmail.com
450,Susette,Rocray,Susette.Rocray@yopmail.com
451,Emilia,Harriman,Emilia.Harriman@yopmail.com
452,Dawn,Fosque,Dawn.Fosque@yopmail.com
453,Lacie,Saunderson,Lacie.Saunderson@yopmail.com
454,Joleen,Elsinore,Joleen.Elsinore@yopmail.com
455,Elsie,Grayce,Elsie.Grayce@yopmail.com
456,Vevay,Clie,Vevay.Clie@yopmail.com
457,Elmira,Chobot,Elmira.Chobot@yopmail.com
458,Phedra,Joachim,Phedra.Joachim@yopmail.com
459,Madalyn,Tristram,Madalyn.Tristram@yopmail.com
460,Karlee,Ader,Karlee.Ader@yopmail.com
461,Rayna,Amethist,Rayna.Amethist@yopmail.com
462,Berta,Madox,Berta.Madox@yopmail.com
463,Leanna,Ventre,Leanna.Ventre@yopmail.com
464,Nananne,Edvard,Nananne.Edvard@yopmail.com
465,Jacenta,Naashom,Jacenta.Naashom@yopmail.com
466,Angela,Tillford,Angela.Tillford@yopmail.com
467,Dione,Ingra,Dione.Ingra@yopmail.com
468,Margalo,Ulphia,Margalo.Ulphia@yopmail.com
469,Elvira,Xerxes,Elvira.Xerxes@yopmail.com
470,Malina,Kylander,Malina.Kylander@yopmail.com
471,Rani,Gaynor,Rani.Gaynor@yopmail.com
472,Kial,Friede,Kial.Friede@yopmail.com
473,Gertrud,Bartlett,Gertrud.Bartlett@yopmail.com
474,Chrystel,Bibi,Chrystel.Bibi@yopmail.com
475,Orelia,Martsen,Orelia.Martsen@yopmail.com
476,Alleen,Abram,Alleen.Abram@yopmail.com
477,Aimil,Lissi,Aimil.Lissi@yopmail.com
478,Mariann,Lemuela,Mariann.Lemuela@yopmail.com
479,Shauna,Argus,Shauna.Argus@yopmail.com
480,Daryl,Jalbert,Daryl.Jalbert@yopmail.com
481,Riannon,Vharat,Riannon.Vharat@yopmail.com
482,Jorry,Kazimir,Jorry.Kazimir@yopmail.com
483,Edee,Ramona,Edee.Ramona@yopmail.com
484,Gretal,Allina,Gretal.Allina@yopmail.com
485,Meghann,Bryna,Meghann.Bryna@yopmail.com
486,Cathyleen,Libna,Cathyleen.Libna@yopmail.com
487,Rivalee,Annabella,Rivalee.Annabella@yopmail.com
488,Rochette,Graig,Rochette.Graig@yopmail.com
489,Marylou,Weaks,Marylou.Weaks@yopmail.com
490,Allyce,Bates,Allyce.Bates@yopmail.com
491,Iseabal,Chaing,Iseabal.Chaing@yopmail.com
492,Deloria,Desai,Deloria.Desai@yopmail.com
493,Celene,Teryn,Celene.Teryn@yopmail.com
494,Carilyn,Rurik,Carilyn.Rurik@yopmail.com
495,Christal,Beebe,Christal.Beebe@yopmail.com
496,Christal,Clywd,Christal.Clywd@yopmail.com
497,Theodora,Graig,Theodora.Graig@yopmail.com
498,Annora,Kaja,Annora.Kaja@yopmail.com
499,Dania,Korey,Dania.Korey@yopmail.com
500,Jemie,Kolnick,Jemie.Kolnick@yopmail.com
501,Gui,Rosalba,Gui.Rosalba@yopmail.com
502,Dominga,Baudin,Dominga.Baudin@yopmail.com
503,Norine,Nadia,Norine.Nadia@yopmail.com
504,Tamqrah,Azeria,Tamqrah.Azeria@yopmail.com
505,Olivette,Pierette,Olivette.Pierette@yopmail.com
506,Keelia,Tacye,Keelia.Tacye@yopmail.com
507,Shel,Tristram,Shel.Tristram@yopmail.com
508,Merle,Gillan,Merle.Gillan@yopmail.com
509,Mathilda,Fairweather,Mathilda.Fairweather@yopmail.com
510,Louella,Rad,Louella.Rad@yopmail.com
511,Donnie,Linehan,Donnie.Linehan@yopmail.com
512,Cathyleen,McCutcheon,Cathyleen.McCutcheon@yopmail.com
513,Aaren,Amasa,Aaren.Amasa@yopmail.com
514,Jorry,Dahlia,Jorry.Dahlia@yopmail.com
515,Dyann,Ehrman,Dyann.Ehrman@yopmail.com
516,Rhea,Haymes,Rhea.Haymes@yopmail.com
517,Ottilie,Ortrude,Ottilie.Ortrude@yopmail.com
518,Roslyn,Aida,Roslyn.Aida@yopmail.com
519,Jere,Selway,Jere.Selway@yopmail.com
520,Dania,Rugen,Dania.Rugen@yopmail.com
521,Rozele,Ledah,Rozele.Ledah@yopmail.com
522,Lulita,Wildermuth,Lulita.Wildermuth@yopmail.com
523,Cyb,Goddard,Cyb.Goddard@yopmail.com
524,Elena,Bevin,Elena.Bevin@yopmail.com
525,Fina,Atonsah,Fina.Atonsah@yopmail.com
526,Amalie,Demitria,Amalie.Demitria@yopmail.com
527,Moyna,Clie,Moyna.Clie@yopmail.com
528,Tabbatha,Johanna,Tabbatha.Johanna@yopmail.com
529,Ericka,Casimir,Ericka.Casimir@yopmail.com
530,Cherrita,Naor,Cherrita.Naor@yopmail.com
531,Corry,Egbert,Corry.Egbert@yopmail.com
532,Larine,Eben,Larine.Eben@yopmail.com
533,Lory,Allina,Lory.Allina@yopmail.com
534,Gaylene,Doig,Gaylene.Doig@yopmail.com
535,Elsie,Hanshaw,Elsie.Hanshaw@yopmail.com
536,Coral,Mitzi,Coral.Mitzi@yopmail.com
537,Zondra,Skell,Zondra.Skell@yopmail.com
538,Bee,Raychel,Bee.Raychel@yopmail.com
539,Kelly,Blisse,Kelly.Blisse@yopmail.com
540,Maud,Poll,Maud.Poll@yopmail.com
541,Marjie,Kalinda,Marjie.Kalinda@yopmail.com
542,Blondelle,Vilma,Blondelle.Vilma@yopmail.com
543,Gusella,Saunderson,Gusella.Saunderson@yopmail.com
544,Sheelagh,Ledah,Sheelagh.Ledah@yopmail.com
545,Ann-Marie,Gregrory,Ann-Marie.Gregrory@yopmail.com
546,Pollyanna,Rebecka,Pollyanna.Rebecka@yopmail.com
547,Annecorinne,Christal,Annecorinne.Christal@yopmail.com
548,Elfreda,Ackerley,Elfreda.Ackerley@yopmail.com
549,Madeleine,Chick,Madeleine.Chick@yopmail.com
550,Iseabal,Poll,Iseabal.Poll@yopmail.com
551,Nanete,Ranjiv,Nanete.Ranjiv@yopmail.com
552,Hallie,Philoo,Hallie.Philoo@yopmail.com
553,Donnie,Jary,Donnie.Jary@yopmail.com
554,Maye,Septima,Maye.Septima@yopmail.com
555,Roslyn,Florina,Roslyn.Florina@yopmail.com
556,Ardeen,Terencio,Ardeen.Terencio@yopmail.com
557,Ofilia,Merat,Ofilia.Merat@yopmail.com
558,Kylynn,Melan,Kylynn.Melan@yopmail.com
559,Inga,Dyche,Inga.Dyche@yopmail.com
560,Dawn,Joeann,Dawn.Joeann@yopmail.com
561,Bee,Ardeha,Bee.Ardeha@yopmail.com
562,Natka,Means,Natka.Means@yopmail.com
563,Monika,McClimans,Monika.McClimans@yopmail.com
564,Marita,Delacourt,Marita.Delacourt@yopmail.com
565,Phylis,Mandler,Phylis.Mandler@yopmail.com
566,Noelle,McCutcheon,Noelle.McCutcheon@yopmail.com
567,Yolane,Ephrem,Yolane.Ephrem@yopmail.com
568,Yvonne,Frendel,Yvonne.Frendel@yopmail.com
569,Malina,Pettiford,Malina.Pettiford@yopmail.com
570,Mara,Sinegold,Mara.Sinegold@yopmail.com
571,Clary,Charmine,Clary.Charmine@yopmail.com
572,Teddie,Bibi,Teddie.Bibi@yopmail.com
573,Winifred,Leler,Winifred.Leler@yopmail.com
574,Madeleine,Terencio,Madeleine.Terencio@yopmail.com
575,Fayre,Brieta,Fayre.Brieta@yopmail.com
576,Patricia,Berard,Patricia.Berard@yopmail.com
577,Brandise,Schwejda,Brandise.Schwejda@yopmail.com
578,Harrietta,Donoghue,Harrietta.Donoghue@yopmail.com
579,Bernie,Lane,Bernie.Lane@yopmail.com
580,Taffy,Avi,Taffy.Avi@yopmail.com
581,Bill,Jerald,Bill.Jerald@yopmail.com
582,Vinita,Lattie,Vinita.Lattie@yopmail.com
583,Kate,Sisile,Kate.Sisile@yopmail.com
584,Jaime,Cosenza,Jaime.Cosenza@yopmail.com
585,Natka,Flita,Natka.Flita@yopmail.com
586,Zia,Maryanne,Zia.Maryanne@yopmail.com
587,Lory,Alisia,Lory.Alisia@yopmail.com
588,Rubie,Macey,Rubie.Macey@yopmail.com
589,Madeleine,Linskey,Madeleine.Linskey@yopmail.com
590,Leia,Laurianne,Leia.Laurianne@yopmail.com
591,Catrina,Dorine,Catrina.Dorine@yopmail.com
592,Devina,Elsinore,Devina.Elsinore@yopmail.com
593,Trudie,Halla,Trudie.Halla@yopmail.com
594,Jere,Natica,Jere.Natica@yopmail.com
595,Iseabal,Erb,Iseabal.Erb@yopmail.com
596,Kamilah,Saint,Kamilah.Saint@yopmail.com
597,Dawn,Shaddock,Dawn.Shaddock@yopmail.com
598,Marguerite,Bergman,Marguerite.Bergman@yopmail.com
599,Romona,Talia,Romona.Talia@yopmail.com
600,Felice,Maples,Felice.Maples@yopmail.com
601,Blinni,Georgy,Blinni.Georgy@yopmail.com
602,Lisette,Oscar,Lisette.Oscar@yopmail.com
603,Korrie,Millda,Korrie.Millda@yopmail.com
604,Shell,Milson,Shell.Milson@yopmail.com
605,Lynde,Slifka,Lynde.Slifka@yopmail.com
606,Tera,Ajay,Tera.Ajay@yopmail.com
607,Ketti,Ader,Ketti.Ader@yopmail.com
608,Elvira,Constancy,Elvira.Constancy@yopmail.com
609,Gaylene,Hachmin,Gaylene.Hachmin@yopmail.com
610,Carol-Jean,Ferrell,Carol-Jean.Ferrell@yopmail.com
611,Barbara,Ulphia,Barbara.Ulphia@yopmail.com
612,Lizzie,Thad,Lizzie.Thad@yopmail.com
613,Consuela,Chinua,Consuela.Chinua@yopmail.com
614,Eugine,Genna,Eugine.Genna@yopmail.com
615,Evaleen,Teryn,Evaleen.Teryn@yopmail.com
616,Kylynn,Burnside,Kylynn.Burnside@yopmail.com
617,Ermengarde,Sherrie,Ermengarde.Sherrie@yopmail.com
618,Tera,Herrera,Tera.Herrera@yopmail.com
619,Kirbee,Susannah,Kirbee.Susannah@yopmail.com
620,Natka,Lia,Natka.Lia@yopmail.com
621,Lelah,Hilbert,Lelah.Hilbert@yopmail.com
622,Aigneis,Maxi,Aigneis.Maxi@yopmail.com
623,Kathy,Chem,Kathy.Chem@yopmail.com
624,Rani,Neva,Rani.Neva@yopmail.com
625,Eve,Aprile,Eve.Aprile@yopmail.com
626,Lorenza,Girardo,Lorenza.Girardo@yopmail.com
627,Sean,Waldron,Sean.Waldron@yopmail.com
628,Gaylene,Brotherson,Gaylene.Brotherson@yopmail.com
629,Romona,Freddi,Romona.Freddi@yopmail.com
630,Kristina,Hourigan,Kristina.Hourigan@yopmail.com
631,Candi,Kunin,Candi.Kunin@yopmail.com
632,Ivett,Loring,Ivett.Loring@yopmail.com
633,Beverley,Shuler,Beverley.Shuler@yopmail.com
634,Courtnay,Duwalt,Courtnay.Duwalt@yopmail.com
635,Winifred,Lasley,Winifred.Lasley@yopmail.com
636,Kittie,Ludewig,Kittie.Ludewig@yopmail.com
637,Justinn,Elbertina,Justinn.Elbertina@yopmail.com
638,Almeta,Geffner,Almeta.Geffner@yopmail.com
639,Bobbi,Zitvaa,Bobbi.Zitvaa@yopmail.com
640,Tonia,Bandeen,Tonia.Bandeen@yopmail.com
641,Blondelle,Ellerey,Blondelle.Ellerey@yopmail.com
642,Sue,Martsen,Sue.Martsen@yopmail.com
643,Valera,Hylan,Valera.Hylan@yopmail.com
644,Bernie,Lowry,Bernie.Lowry@yopmail.com
645,Teddie,Ralfston,Teddie.Ralfston@yopmail.com
646,Lorie,Marlie,Lorie.Marlie@yopmail.com
647,Blondelle,Swigart,Blondelle.Swigart@yopmail.com
648,Kelly,Curren,Kelly.Curren@yopmail.com
649,Madeleine,Chobot,Madeleine.Chobot@yopmail.com
650,Shandie,Harriman,Shandie.Harriman@yopmail.com
651,Gerianna,Katrine,Gerianna.Katrine@yopmail.com
652,Raquela,Colbert,Raquela.Colbert@yopmail.com
653,Taffy,Bibi,Taffy.Bibi@yopmail.com
654,Ezmeralda,Gower,Ezmeralda.Gower@yopmail.com
655,Shaine,Friede,Shaine.Friede@yopmail.com
656,Oona,Ardeha,Oona.Ardeha@yopmail.com
657,Jean,Bollay,Jean.Bollay@yopmail.com
658,Chickie,Klotz,Chickie.Klotz@yopmail.com
659,Carree,Anselmi,Carree.Anselmi@yopmail.com
660,Maye,Cavan,Maye.Cavan@yopmail.com
661,Nelle,Ilka,Nelle.Ilka@yopmail.com
662,Dania,Vharat,Dania.Vharat@yopmail.com
663,Karolina,Frodi,Karolina.Frodi@yopmail.com
664,Candy,Ulphia,Candy.Ulphia@yopmail.com
665,Agathe,Olympium,Agathe.Olympium@yopmail.com
666,Kary,Dielu,Kary.Dielu@yopmail.com
667,Konstance,Karl,Konstance.Karl@yopmail.com
668,Margette,Goddard,Margette.Goddard@yopmail.com
669,Justinn,Sperling,Justinn.Sperling@yopmail.com
670,Kassey,Ferrell,Kassey.Ferrell@yopmail.com
671,Jordan,Vastah,Jordan.Vastah@yopmail.com
672,Deane,Valoniah,Deane.Valoniah@yopmail.com
673,Ebonee,Armanda,Ebonee.Armanda@yopmail.com
674,Susette,Hilbert,Susette.Hilbert@yopmail.com
675,Viki,Kenwood,Viki.Kenwood@yopmail.com
676,Dari,Florina,Dari.Florina@yopmail.com
677,Rosabelle,Killigrew,Rosabelle.Killigrew@yopmail.com
678,Sadie,Iiette,Sadie.Iiette@yopmail.com
679,Candy,Argus,Candy.Argus@yopmail.com
680,Margarette,Cyrie,Margarette.Cyrie@yopmail.com
681,Viviene,Yorick,Viviene.Yorick@yopmail.com
682,Frances,Lymann,Frances.Lymann@yopmail.com
683,Judy,Turne,Judy.Turne@yopmail.com
684,Ermengarde,Dudley,Ermengarde.Dudley@yopmail.com
685,Frank,Stevy,Frank.Stevy@yopmail.com
686,Kalina,Korey,Kalina.Korey@yopmail.com
687,Ardenia,Goddard,Ardenia.Goddard@yopmail.com
688,Kerrin,Eckblad,Kerrin.Eckblad@yopmail.com
689,Morganica,Sophronia,Morganica.Sophronia@yopmail.com
690,Brena,Danby,Brena.Danby@yopmail.com
691,Iseabal,Urias,Iseabal.Urias@yopmail.com
692,Lisette,Johnsson,Lisette.Johnsson@yopmail.com
693,Tabbatha,Plato,Tabbatha.Plato@yopmail.com
694,Damaris,Daveta,Damaris.Daveta@yopmail.com
695,Linzy,McLaughlin,Linzy.McLaughlin@yopmail.com
696,Brietta,Monk,Brietta.Monk@yopmail.com
697,Drucie,Tice,Drucie.Tice@yopmail.com
698,Hope,Michella,Hope.Michella@yopmail.com
699,Tori,Judye,Tori.Judye@yopmail.com
700,Roslyn,Scammon,Roslyn.Scammon@yopmail.com
701,Stacey,Waite,Stacey.Waite@yopmail.com
702,Lorne,Rona,Lorne.Rona@yopmail.com
703,Penelopa,Thar,Penelopa.Thar@yopmail.com
704,Lauryn,Cadmar,Lauryn.Cadmar@yopmail.com
705,Keelia,Sibyls,Keelia.Sibyls@yopmail.com
706,Melodie,Cordi,Melodie.Cordi@yopmail.com
707,Antonietta,Buttaro,Antonietta.Buttaro@yopmail.com
708,Sean,Jalbert,Sean.Jalbert@yopmail.com
709,Kaja,Dielu,Kaja.Dielu@yopmail.com
710,Charissa,Bouchard,Charissa.Bouchard@yopmail.com
711,Johna,Irmine,Johna.Irmine@yopmail.com
712,Babita,Mullane,Babita.Mullane@yopmail.com
713,Brynna,Huggins,Brynna.Huggins@yopmail.com
714,Starla,Standing,Starla.Standing@yopmail.com
715,Violet,Heisel,Violet.Heisel@yopmail.com
716,Tori,Vharat,Tori.Vharat@yopmail.com
717,Karolina,Duwalt,Karolina.Duwalt@yopmail.com
718,Elmira,Nance,Elmira.Nance@yopmail.com
719,Blondelle,Lissi,Blondelle.Lissi@yopmail.com
720,Fanny,Quent,Fanny.Quent@yopmail.com
721,Cathie,Karna,Cathie.Karna@yopmail.com
722,Roxane,Eugenia,Roxane.Eugenia@yopmail.com
723,Kristan,Rillings,Kristan.Rillings@yopmail.com
724,Stephanie,Glenden,Stephanie.Glenden@yopmail.com
725,Ileana,Zrike,Ileana.Zrike@yopmail.com
726,Minne,Shaddock,Minne.Shaddock@yopmail.com
727,Oralee,Tyson,Oralee.Tyson@yopmail.com
728,Wanda,Chrystel,Wanda.Chrystel@yopmail.com
729,Vanessa,Penelopa,Vanessa.Penelopa@yopmail.com
730,Ermengarde,Abernon,Ermengarde.Abernon@yopmail.com
731,Joelly,Baptlsta,Joelly.Baptlsta@yopmail.com
732,Hope,Merna,Hope.Merna@yopmail.com
733,Dorthy,Milson,Dorthy.Milson@yopmail.com
734,Cissiee,Allys,Cissiee.Allys@yopmail.com
735,Marjie,Adore,Marjie.Adore@yopmail.com
736,Felice,Isacco,Felice.Isacco@yopmail.com
737,Brana,Zola,Brana.Zola@yopmail.com
738,Lenna,Billye,Lenna.Billye@yopmail.com
739,Violet,Montgomery,Violet.Montgomery@yopmail.com
740,Elmira,Toor,Elmira.Toor@yopmail.com
741,Alleen,Natalia,Alleen.Natalia@yopmail.com
742,Larine,Duwalt,Larine.Duwalt@yopmail.com
743,Lacie,Nunci,Lacie.Nunci@yopmail.com
744,Lucille,Niles,Lucille.Niles@yopmail.com
745,Melanie,Kelula,Melanie.Kelula@yopmail.com
746,Bettine,Sherrie,Bettine.Sherrie@yopmail.com
747,Teddie,Cullin,Teddie.Cullin@yopmail.com
748,Antonietta,Cleo,Antonietta.Cleo@yopmail.com
749,Lelah,Ethban,Lelah.Ethban@yopmail.com
750,Edyth,Amand,Edyth.Amand@yopmail.com
751,Ernesta,Alice,Ernesta.Alice@yopmail.com
752,Marita,Berard,Marita.Berard@yopmail.com
753,Angela,Tamsky,Angela.Tamsky@yopmail.com
754,Arabel,Camden,Arabel.Camden@yopmail.com
755,Elena,Westphal,Elena.Westphal@yopmail.com
756,Taffy,Warthman,Taffy.Warthman@yopmail.com
757,Nariko,Phi,Nariko.Phi@yopmail.com
758,Jerry,Charmine,Jerry.Charmine@yopmail.com
759,Moyna,Phi,Moyna.Phi@yopmail.com
760,Ruthe,Delacourt,Ruthe.Delacourt@yopmail.com
761,Wileen,Cassius,Wileen.Cassius@yopmail.com
762,Helsa,Roxanna,Helsa.Roxanna@yopmail.com
763,Charlena,Teddman,Charlena.Teddman@yopmail.com
764,Alejandra,Brian,Alejandra.Brian@yopmail.com
765,Margette,Paton,Margette.Paton@yopmail.com
766,Sadie,Damarra,Sadie.Damarra@yopmail.com
767,Valli,Ovid,Valli.Ovid@yopmail.com
768,Dotty,Schwejda,Dotty.Schwejda@yopmail.com
769,Silvana,Esmaria,Silvana.Esmaria@yopmail.com
770,Tiffie,Standing,Tiffie.Standing@yopmail.com
771,Dede,Ogren,Dede.Ogren@yopmail.com
772,Dianemarie,Forrer,Dianemarie.Forrer@yopmail.com
773,June,Redmond,June.Redmond@yopmail.com
774,Odessa,Stacy,Odessa.Stacy@yopmail.com
775,Andeee,Ferrell,Andeee.Ferrell@yopmail.com
776,Hollie,Jobi,Hollie.Jobi@yopmail.com
777,Fayre,Wu,Fayre.Wu@yopmail.com
778,Clarice,Yam,Clarice.Yam@yopmail.com
779,Gabriellia,Valerio,Gabriellia.Valerio@yopmail.com
780,Annice,Beniamino,Annice.Beniamino@yopmail.com
781,Hallie,Gunn,Hallie.Gunn@yopmail.com
782,Dari,Erminia,Dari.Erminia@yopmail.com
783,Shell,Sophronia,Shell.Sophronia@yopmail.com
784,Corry,Middleton,Corry.Middleton@yopmail.com
785,Harmonia,Martguerita,Harmonia.Martguerita@yopmail.com
786,Maud,Gino,Maud.Gino@yopmail.com
787,Ninnetta,Emmy,Ninnetta.Emmy@yopmail.com
788,Genevra,Dominy,Genevra.Dominy@yopmail.com
789,Cherilyn,Goddard,Cherilyn.Goddard@yopmail.com
790,Cristine,Pillsbury,Cristine.Pillsbury@yopmail.com
791,Zaria,Madelene,Zaria.Madelene@yopmail.com
792,Mallory,Telfer,Mallory.Telfer@yopmail.com
793,Elie,Seumas,Elie.Seumas@yopmail.com
794,Myriam,Jaylene,Myriam.Jaylene@yopmail.com
795,Mary,Neva,Mary.Neva@yopmail.com
796,Rhoda,Ovid,Rhoda.Ovid@yopmail.com
797,Jinny,Gombach,Jinny.Gombach@yopmail.com
798,Sabina,Percy,Sabina.Percy@yopmail.com
799,Darci,Tufts,Darci.Tufts@yopmail.com
800,Dania,Narton,Dania.Narton@yopmail.com
801,Rayna,Phyllis,Rayna.Phyllis@yopmail.com
802,Leanna,Peg,Leanna.Peg@yopmail.com
803,Arlena,Wooster,Arlena.Wooster@yopmail.com
804,Inga,Hachmin,Inga.Hachmin@yopmail.com
805,Inga,Mathilde,Inga.Mathilde@yopmail.com
806,Adore,Podvin,Adore.Podvin@yopmail.com
807,Helena,Seagraves,Helena.Seagraves@yopmail.com
808,Ellette,Ietta,Ellette.Ietta@yopmail.com
809,Elvira,Pip,Elvira.Pip@yopmail.com
810,Ashlee,Zola,Ashlee.Zola@yopmail.com
811,Betta,Llovera,Betta.Llovera@yopmail.com
812,Charlena,Esmaria,Charlena.Esmaria@yopmail.com
813,Elka,Erskine,Elka.Erskine@yopmail.com
814,Annice,Ralfston,Annice.Ralfston@yopmail.com
815,Aaren,Isidore,Aaren.Isidore@yopmail.com
816,Malina,Halsey,Malina.Halsey@yopmail.com
817,Tina,Vivle,Tina.Vivle@yopmail.com
818,Nataline,Jalbert,Nataline.Jalbert@yopmail.com
819,Lily,Anderea,Lily.Anderea@yopmail.com
820,Ardys,Even,Ardys.Even@yopmail.com
821,Ayn,Peti,Ayn.Peti@yopmail.com
822,Elie,Hanleigh,Elie.Hanleigh@yopmail.com
823,Allis,Payson,Allis.Payson@yopmail.com
824,Monika,Valoniah,Monika.Valoniah@yopmail.com
825,Kayla,Presber,Kayla.Presber@yopmail.com
826,Sara-Ann,Meli,Sara-Ann.Meli@yopmail.com
827,Chrystel,Ventre,Chrystel.Ventre@yopmail.com
828,Melina,Susannah,Melina.Susannah@yopmail.com
829,Melodie,Uird,Melodie.Uird@yopmail.com
830,Ottilie,Konyn,Ottilie.Konyn@yopmail.com
831,Madelle,Colbert,Madelle.Colbert@yopmail.com
832,Susan,Letsou,Susan.Letsou@yopmail.com
833,Shauna,Thar,Shauna.Thar@yopmail.com
834,Sallie,MacIntosh,Sallie.MacIntosh@yopmail.com
835,Daphne,Seessel,Daphne.Seessel@yopmail.com
836,Tracey,Bakerman,Tracey.Bakerman@yopmail.com
837,Nanete,Cyrie,Nanete.Cyrie@yopmail.com
838,Karina,Hutchison,Karina.Hutchison@yopmail.com
839,Lacie,Loeb,Lacie.Loeb@yopmail.com
840,Regina,Kaja,Regina.Kaja@yopmail.com
841,Corina,Vharat,Corina.Vharat@yopmail.com
842,Glynnis,McAdams,Glynnis.McAdams@yopmail.com
843,Ronna,Lorenz,Ronna.Lorenz@yopmail.com
844,Dorice,Cutlerr,Dorice.Cutlerr@yopmail.com
845,Melanie,Wallis,Melanie.Wallis@yopmail.com
846,Loree,Kaja,Loree.Kaja@yopmail.com
847,Betta,Eugenia,Betta.Eugenia@yopmail.com
848,Elie,Bobbee,Elie.Bobbee@yopmail.com
849,Ivett,Terrence,Ivett.Terrence@yopmail.com
850,Lorne,Emmaline,Lorne.Emmaline@yopmail.com
851,Max,Orpah,Max.Orpah@yopmail.com
852,Mariele,Ehrman,Mariele.Ehrman@yopmail.com
853,Brietta,Klotz,Brietta.Klotz@yopmail.com
854,Janenna,Vivle,Janenna.Vivle@yopmail.com
855,Nikki,Carri,Nikki.Carri@yopmail.com
856,Zaria,Rhu,Zaria.Rhu@yopmail.com
857,Annabela,Meter,Annabela.Meter@yopmail.com
858,Magdalena,Taima,Magdalena.Taima@yopmail.com
859,Averyl,Glenden,Averyl.Glenden@yopmail.com
860,Vere,Oster,Vere.Oster@yopmail.com
861,Mamie,McLaughlin,Mamie.McLaughlin@yopmail.com
862,Tracey,Forrer,Tracey.Forrer@yopmail.com
863,Patricia,Cavan,Patricia.Cavan@yopmail.com
864,Ekaterina,Kendrick,Ekaterina.Kendrick@yopmail.com
865,Brandise,Blase,Brandise.Blase@yopmail.com
866,Sibella,Linehan,Sibella.Linehan@yopmail.com
867,Viviene,Whittaker,Viviene.Whittaker@yopmail.com
868,Lindie,Audly,Lindie.Audly@yopmail.com
869,Mildrid,Berne,Mildrid.Berne@yopmail.com
870,Millie,Hazlett,Millie.Hazlett@yopmail.com
871,Janeczka,Florina,Janeczka.Florina@yopmail.com
872,Sibella,Hessler,Sibella.Hessler@yopmail.com
873,Deirdre,Teryn,Deirdre.Teryn@yopmail.com
874,Belva,Ellord,Belva.Ellord@yopmail.com
875,Olwen,Lanita,Olwen.Lanita@yopmail.com
876,Vevay,Braun,Vevay.Braun@yopmail.com
877,Max,Schroth,Max.Schroth@yopmail.com
878,Pollyanna,Miru,Pollyanna.Miru@yopmail.com
879,Brana,Rocray,Brana.Rocray@yopmail.com
880,Annaliese,Marijo,Annaliese.Marijo@yopmail.com
881,Susan,Dichy,Susan.Dichy@yopmail.com
882,Layla,Johnsson,Layla.Johnsson@yopmail.com
883,Sandie,Juliet,Sandie.Juliet@yopmail.com
884,Shaine,Stevy,Shaine.Stevy@yopmail.com
885,Gloria,Michella,Gloria.Michella@yopmail.com
886,Shaine,Glovsky,Shaine.Glovsky@yopmail.com
887,Valeda,Adore,Valeda.Adore@yopmail.com
888,Merry,Taima,Merry.Taima@yopmail.com
889,Alejandra,Valoniah,Alejandra.Valoniah@yopmail.com
890,Caryl,Seligman,Caryl.Seligman@yopmail.com
891,Adelle,Fairweather,Adelle.Fairweather@yopmail.com
892,Beth,Rillings,Beth.Rillings@yopmail.com
893,Shandie,Ophelia,Shandie.Ophelia@yopmail.com
894,Gale,Zeeba,Gale.Zeeba@yopmail.com
895,Aimil,Rugen,Aimil.Rugen@yopmail.com
896,Correy,Drus,Correy.Drus@yopmail.com
897,Kate,Ax,Kate.Ax@yopmail.com
898,Sonni,Geffner,Sonni.Geffner@yopmail.com
899,Priscilla,Ariella,Priscilla.Ariella@yopmail.com
900,Clary,Stephie,Clary.Stephie@yopmail.com
901,Mahalia,Truc,Mahalia.Truc@yopmail.com
902,Millie,Joachim,Millie.Joachim@yopmail.com
903,Briney,Carleen,Briney.Carleen@yopmail.com
904,Vita,Alice,Vita.Alice@yopmail.com
905,Melanie,Stanwood,Melanie.Stanwood@yopmail.com
906,Evaleen,Stuart,Evaleen.Stuart@yopmail.com
907,Kalina,Colp,Kalina.Colp@yopmail.com
908,Cathyleen,Lauraine,Cathyleen.Lauraine@yopmail.com
909,Catharine,Swigart,Catharine.Swigart@yopmail.com
910,Olwen,Hieronymus,Olwen.Hieronymus@yopmail.com
911,Di,Fancie,Di.Fancie@yopmail.com
912,Elfreda,Couture,Elfreda.Couture@yopmail.com
913,Blinni,Oriana,Blinni.Oriana@yopmail.com
914,Lusa,Sheedy,Lusa.Sheedy@yopmail.com
915,Georgetta,Boycey,Georgetta.Boycey@yopmail.com
916,Jean,Vharat,Jean.Vharat@yopmail.com
917,Cherrita,Leffen,Cherrita.Leffen@yopmail.com
918,Dode,Joli,Dode.Joli@yopmail.com
919,Angela,Gordon,Angela.Gordon@yopmail.com
920,Cathyleen,Lewes,Cathyleen.Lewes@yopmail.com
921,Elvira,Hillel,Elvira.Hillel@yopmail.com
922,Kamilah,Liebermann,Kamilah.Liebermann@yopmail.com
923,Renae,Loleta,Renae.Loleta@yopmail.com
924,Joane,Peti,Joane.Peti@yopmail.com
925,Glynnis,Candy,Glynnis.Candy@yopmail.com
926,Augustine,Johanna,Augustine.Johanna@yopmail.com
927,Britni,Linskey,Britni.Linskey@yopmail.com
928,Chastity,Kylander,Chastity.Kylander@yopmail.com
929,Calla,Adore,Calla.Adore@yopmail.com
930,Pierette,Kirbee,Pierette.Kirbee@yopmail.com
931,Dawn,Shaver,Dawn.Shaver@yopmail.com
932,Cristine,Gibbeon,Cristine.Gibbeon@yopmail.com
933,Orsola,Tarrant,Orsola.Tarrant@yopmail.com
934,Dorthy,Thilda,Dorthy.Thilda@yopmail.com
935,Verla,Ammann,Verla.Ammann@yopmail.com
936,Wilma,Egbert,Wilma.Egbert@yopmail.com
937,Emelina,Maisey,Emelina.Maisey@yopmail.com
938,Melodie,Eben,Melodie.Eben@yopmail.com
939,Elyssa,Turne,Elyssa.Turne@yopmail.com
940,Ellette,Tomasina,Ellette.Tomasina@yopmail.com
941,Bibby,Cottle,Bibby.Cottle@yopmail.com
942,Selia,Joni,Selia.Joni@yopmail.com
943,Ninnetta,Edvard,Ninnetta.Edvard@yopmail.com
944,Jenda,Hunfredo,Jenda.Hunfredo@yopmail.com
945,Chastity,Cullin,Chastity.Cullin@yopmail.com
946,Lanae,Philipp,Lanae.Philipp@yopmail.com
947,Sheree,Hewitt,Sheree.Hewitt@yopmail.com
948,Selia,Hathaway,Selia.Hathaway@yopmail.com
949,Zaria,Martguerita,Zaria.Martguerita@yopmail.com
950,Clo,Alfons,Clo.Alfons@yopmail.com
951,Karina,Dearborn,Karina.Dearborn@yopmail.com
952,Jan,Candy,Jan.Candy@yopmail.com
953,Pearline,Abbot,Pearline.Abbot@yopmail.com
954,Shauna,Chapland,Shauna.Chapland@yopmail.com
955,Collen,Gordon,Collen.Gordon@yopmail.com
956,Dorene,Hortensia,Dorene.Hortensia@yopmail.com
957,Cyndie,Amethist,Cyndie.Amethist@yopmail.com
958,Larine,Myrilla,Larine.Myrilla@yopmail.com
959,Jacquetta,Zachary,Jacquetta.Zachary@yopmail.com
960,Jacenta,Wilkinson,Jacenta.Wilkinson@yopmail.com
961,Andree,Forrer,Andree.Forrer@yopmail.com
962,Orsola,Karylin,Orsola.Karylin@yopmail.com
963,Ariela,Willie,Ariela.Willie@yopmail.com
964,Joelly,Daniele,Joelly.Daniele@yopmail.com
965,Delilah,Brackely,Delilah.Brackely@yopmail.com
966,Donetta,Soneson,Donetta.Soneson@yopmail.com
967,Blake,Isacco,Blake.Isacco@yopmail.com
968,Amii,Kiersten,Amii.Kiersten@yopmail.com
969,Giustina,Paine,Giustina.Paine@yopmail.com
970,Nataline,Blase,Nataline.Blase@yopmail.com
971,Kylynn,Odysseus,Kylynn.Odysseus@yopmail.com
972,Maurene,Callista,Maurene.Callista@yopmail.com
973,Andeee,Drisko,Andeee.Drisko@yopmail.com
974,Peri,Wattenberg,Peri.Wattenberg@yopmail.com
975,Eugine,Liva,Eugine.Liva@yopmail.com
976,Celene,Horan,Celene.Horan@yopmail.com
977,Maisey,Aurelio,Maisey.Aurelio@yopmail.com
978,Laurene,Linskey,Laurene.Linskey@yopmail.com
979,Kylynn,Sheng,Kylynn.Sheng@yopmail.com
980,Tiffie,Noelyn,Tiffie.Noelyn@yopmail.com
981,Vevay,Gilmour,Vevay.Gilmour@yopmail.com
982,Carol-Jean,Candy,Carol-Jean.Candy@yopmail.com
983,Ethel,Moina,Ethel.Moina@yopmail.com
984,Alejandra,Ajay,Alejandra.Ajay@yopmail.com
985,Almeta,Raimondo,Almeta.Raimondo@yopmail.com
986,Emmey,Dalli,Emmey.Dalli@yopmail.com
987,Cyndie,Greyson,Cyndie.Greyson@yopmail.com
988,Margette,Curren,Margette.Curren@yopmail.com
989,Charissa,Ailyn,Charissa.Ailyn@yopmail.com
990,Orsola,Mathilde,Orsola.Mathilde@yopmail.com
991,Cyb,Vale,Cyb.Vale@yopmail.com
992,Binny,Henebry,Binny.Henebry@yopmail.com
993,Nerta,Diann,Nerta.Diann@yopmail.com
994,Shirlee,Milson,Shirlee.Milson@yopmail.com
995,Jessamyn,Brenn,Jessamyn.Brenn@yopmail.com
996,Lila,Bertold,Lila.Bertold@yopmail.com
997,Gratia,Sherrie,Gratia.Sherrie@yopmail.com
998,Iseabal,Peg,Iseabal.Peg@yopmail.com
999,Tani,Harl,Tani.Harl@yopmail.com
1000,Anestassia,Genna,Anestassia.Genna@yopmail.com
1001,Halette,Voletta,Halette.Voletta@yopmail.com
1002,Aurore,Carvey,Aurore.Carvey@yopmail.com
1003,Maud,Hessler,Maud.Hessler@yopmail.com
1004,Candy,Richers,Candy.Richers@yopmail.com
1005,Melisent,Freddi,Melisent.Freddi@yopmail.com
1006,Hermione,Stoller,Hermione.Stoller@yopmail.com
1007,Jaime,Allys,Jaime.Allys@yopmail.com
1008,Cissiee,Diogenes,Cissiee.Diogenes@yopmail.com
1009,Quintina,Hanshaw,Quintina.Hanshaw@yopmail.com
1010,Michaelina,Norvol,Michaelina.Norvol@yopmail.com
1011,Albertina,Taam,Albertina.Taam@yopmail.com
1012,Lindie,Stefa,Lindie.Stefa@yopmail.com
1013,Marti,Melony,Marti.Melony@yopmail.com
1014,Frieda,Kazimir,Frieda.Kazimir@yopmail.com
1015,Dorothy,Alfons,Dorothy.Alfons@yopmail.com
1016,Odessa,Gino,Odessa.Gino@yopmail.com
1017,Misha,Melony,Misha.Melony@yopmail.com
1018,Zaria,Izaak,Zaria.Izaak@yopmail.com
1019,Laure,Wallis,Laure.Wallis@yopmail.com
1020,Yolane,Evvie,Yolane.Evvie@yopmail.com
1021,Doralynne,Nea,Doralynne.Nea@yopmail.com
1022,Eve,Schroth,Eve.Schroth@yopmail.com
1023,Lucille,Hedve,Lucille.Hedve@yopmail.com
1024,Frank,Munn,Frank.Munn@yopmail.com
1025,Rivalee,Erlandson,Rivalee.Erlandson@yopmail.com
1026,Nicoli,Constancy,Nicoli.Constancy@yopmail.com
1027,Adriana,Wyn,Adriana.Wyn@yopmail.com
1028,Sandie,Vorster,Sandie.Vorster@yopmail.com
1029,Brianna,Ackerley,Brianna.Ackerley@yopmail.com
1030,Rebeca,Maryanne,Rebeca.Maryanne@yopmail.com
1031,Alia,Lynn,Alia.Lynn@yopmail.com
1032,Adelle,Thunell,Adelle.Thunell@yopmail.com
1033,Kalina,Arathorn,Kalina.Arathorn@yopmail.com
1034,Eve,Helfand,Eve.Helfand@yopmail.com
1035,Phedra,Lowry,Phedra.Lowry@yopmail.com
1036,Gretal,Egbert,Gretal.Egbert@yopmail.com
1037,Layla,Cornelia,Layla.Cornelia@yopmail.com
1038,Deane,Pond,Deane.Pond@yopmail.com
1039,Melanie,Jess,Melanie.Jess@yopmail.com
1040,Aimil,Fadiman,Aimil.Fadiman@yopmail.com
1041,Nonnah,Eachern,Nonnah.Eachern@yopmail.com
1042,Gerianna,Hortensia,Gerianna.Hortensia@yopmail.com
1043,Ricky,Bates,Ricky.Bates@yopmail.com
1044,Cathyleen,Donell,Cathyleen.Donell@yopmail.com
1045,Ginnie,Lilybelle,Ginnie.Lilybelle@yopmail.com
1046,Malina,Pond,Malina.Pond@yopmail.com
1047,Lacie,Dorothy,Lacie.Dorothy@yopmail.com
1048,Elena,Colbert,Elena.Colbert@yopmail.com
1049,Giustina,Phyllis,Giustina.Phyllis@yopmail.com
1050,Candy,Elvyn,Candy.Elvyn@yopmail.com
1051,Dorthy,Janith,Dorthy.Janith@yopmail.com
1052,Marleah,Ammann,Marleah.Ammann@yopmail.com
1053,Joceline,Slifka,Joceline.Slifka@yopmail.com
1054,Raina,Sharl,Raina.Sharl@yopmail.com
1055,Teddie,Posner,Teddie.Posner@yopmail.com
1056,Cristabel,Ivens,Cristabel.Ivens@yopmail.com
1057,Mireielle,Jorgan,Mireielle.Jorgan@yopmail.com
1058,Annabela,Odell,Annabela.Odell@yopmail.com
1059,Meriel,Neva,Meriel.Neva@yopmail.com
1060,Lelah,Brian,Lelah.Brian@yopmail.com
1061,Kirbee,Odysseus,Kirbee.Odysseus@yopmail.com
1062,Odessa,Gaal,Odessa.Gaal@yopmail.com
1063,Ermengarde,Greenwald,Ermengarde.Greenwald@yopmail.com
1064,Edith,Cookie,Edith.Cookie@yopmail.com
1065,Hollie,Armanda,Hollie.Armanda@yopmail.com
1066,Amalie,Adalbert,Amalie.Adalbert@yopmail.com
1067,Elora,Connelly,Elora.Connelly@yopmail.com
1068,Amelia,Madox,Amelia.Madox@yopmail.com
1069,Gilligan,Dyche,Gilligan.Dyche@yopmail.com
1070,Emelina,Janene,Emelina.Janene@yopmail.com
1071,Hermione,Margret,Hermione.Margret@yopmail.com
1072,Eolanda,Cherianne,Eolanda.Cherianne@yopmail.com
1073,Iseabal,Aprile,Iseabal.Aprile@yopmail.com
1074,Heddie,Jobi,Heddie.Jobi@yopmail.com
1075,Dyann,Pernick,Dyann.Pernick@yopmail.com
1076,Edith,Gwenore,Edith.Gwenore@yopmail.com
1077,Sophia,Bearnard,Sophia.Bearnard@yopmail.com
1078,Shirlee,Sancho,Shirlee.Sancho@yopmail.com
1079,Desirae,Morehouse,Desirae.Morehouse@yopmail.com
1080,Miquela,Glenden,Miquela.Glenden@yopmail.com
1081,Melisent,MacIntosh,Melisent.MacIntosh@yopmail.com
1082,Fanny,Sinegold,Fanny.Sinegold@yopmail.com
1083,Karolina,Riordan,Karolina.Riordan@yopmail.com
1084,Daphne,Margret,Daphne.Margret@yopmail.com
1085,Hayley,Flita,Hayley.Flita@yopmail.com
1086,Leia,My,Leia.My@yopmail.com
1087,Ursulina,Susannah,Ursulina.Susannah@yopmail.com
1088,Cathie,Lanita,Cathie.Lanita@yopmail.com
1089,Edith,Halsey,Edith.Halsey@yopmail.com
1090,Verla,Percy,Verla.Percy@yopmail.com
1091,Sheelagh,Johnsson,Sheelagh.Johnsson@yopmail.com
1092,Daune,Marijo,Daune.Marijo@yopmail.com
1093,Mara,Hewitt,Mara.Hewitt@yopmail.com
1094,Hollie,Harriman,Hollie.Harriman@yopmail.com
1095,Robinia,Harriman,Robinia.Harriman@yopmail.com
1096,Anthia,Friede,Anthia.Friede@yopmail.com
1097,Joceline,Heidt,Joceline.Heidt@yopmail.com
1098,Cherrita,Campball,Cherrita.Campball@yopmail.com
1099,Darci,Aloise,Darci.Aloise@yopmail.com